[
{
    "model": "sites.site",
    "fields": {
        "domain": "example.com",
        "name": "example.com"
    }
},
{
    "model": "accounts.tag",
    "pk": 1,
    "fields": {
        "name": "다이어트"
    }
},
{
    "model": "accounts.tag",
    "pk": 2,
    "fields": {
        "name": "바른체형"
    }
},
{
    "model": "accounts.tag",
    "pk": 3,
    "fields": {
        "name": "기능개선"
    }
},
{
    "model": "accounts.tag",
    "pk": 4,
    "fields": {
        "name": "바디프로필"
    }
},
{
    "model": "accounts.tag",
    "pk": 5,
    "fields": {
        "name": "대회준비"
    }
},
{
    "model": "accounts.tag",
    "pk": 6,
    "fields": {
        "name": "근력향상"
    }
},
{
    "model": "accounts.tag",
    "pk": 7,
    "fields": {
        "name": "기초체력"
    }
},
{
    "model": "accounts.tag",
    "pk": 8,
    "fields": {
        "name": "벌크업"
    }
},
{
    "model": "accounts.tag",
    "pk": 9,
    "fields": {
        "name": "하체라인"
    }
},
{
    "model": "accounts.tag",
    "pk": 10,
    "fields": {
        "name": "줌바"
    }
},
{
    "model": "accounts.tag",
    "pk": 11,
    "fields": {
        "name": "요가"
    }
},
{
    "model": "accounts.tag",
    "pk": 12,
    "fields": {
        "name": "에어로빅댄스"
    }
},
{
    "model": "accounts.tag",
    "pk": 13,
    "fields": {
        "name": "스피닝"
    }
},
{
    "model": "accounts.user",
    "fields": {
        "password": "pbkdf2_sha256$216000$GP5MuQBnKEiC$mGKew7Q6Jvqetlp8BBNR8CLWA0xelphaDVo0EvnJIQg=",
        "last_login": "2020-11-15T08:33:29.738Z",
        "is_superuser": true,
        "username": "admin",
        "first_name": "",
        "last_name": "",
        "email": "",
        "is_staff": true,
        "is_active": true,
        "date_joined": "2020-11-15T07:51:08.085Z",
        "is_first": 0,
        "groups": [],
        "user_permissions": []
    }
},
{
    "model": "accounts.user",
    "fields": {
        "password": "pbkdf2_sha256$216000$z1XxgQOk0VZS$50+p11Eqk6oNNOH67UVGWnf3xZvd8syFzgIdbD2gdbo=",
        "last_login": "2020-11-15T07:54:46.653Z",
        "is_superuser": false,
        "username": "정하린",
        "first_name": "",
        "last_name": "",
        "email": "",
        "is_staff": false,
        "is_active": true,
        "date_joined": "2020-11-15T07:54:46.511Z",
        "is_first": 1,
        "groups": [],
        "user_permissions": []
    }
},
{
    "model": "accounts.user",
    "fields": {
        "password": "pbkdf2_sha256$216000$dWfjs0NuAS2e$9YM56MaaeHROHlmn1CC/sxfUYa3jpkx0/zhYEBlIR7E=",
        "last_login": "2020-11-15T08:11:57.706Z",
        "is_superuser": false,
        "username": "민수정",
        "first_name": "",
        "last_name": "",
        "email": "",
        "is_staff": false,
        "is_active": true,
        "date_joined": "2020-11-15T08:11:57.563Z",
        "is_first": 1,
        "groups": [],
        "user_permissions": []
    }
},
{
    "model": "accounts.user",
    "fields": {
        "password": "pbkdf2_sha256$216000$fhpKVOT0DfOR$1ofjuWaElS5YRi6LCZjeXL312oqckDvHZY7MoB89W7Y=",
        "last_login": "2020-11-15T08:16:38Z",
        "is_superuser": false,
        "username": "4",
        "first_name": "",
        "last_name": "",
        "email": "",
        "is_staff": false,
        "is_active": true,
        "date_joined": "2020-11-15T08:16:38Z",
        "is_first": 1,
        "groups": [],
        "user_permissions": []
    }
},
{
    "model": "accounts.user",
    "fields": {
        "password": "pbkdf2_sha256$216000$l4kOh27YohJV$bH+B9GBGu9LFM+re0LRiv2rl3z/eNsxoaTHnGN6DYqg=",
        "last_login": "2020-11-15T08:23:20Z",
        "is_superuser": false,
        "username": "3",
        "first_name": "",
        "last_name": "",
        "email": "",
        "is_staff": false,
        "is_active": true,
        "date_joined": "2020-11-15T08:23:20Z",
        "is_first": 1,
        "groups": [],
        "user_permissions": []
    }
},
{
    "model": "accounts.user",
    "fields": {
        "password": "pbkdf2_sha256$216000$LoEDXzJfWaqg$RfJZBeuYyKh1IF1nzHihbZpSaCdbZoffs60PE7eOaAI=",
        "last_login": "2020-11-15T08:29:17.902Z",
        "is_superuser": false,
        "username": "김혜미",
        "first_name": "",
        "last_name": "",
        "email": "",
        "is_staff": false,
        "is_active": true,
        "date_joined": "2020-11-15T08:29:17.758Z",
        "is_first": 1,
        "groups": [],
        "user_permissions": []
    }
},
{
    "model": "accounts.user",
    "fields": {
        "password": "pbkdf2_sha256$216000$qwYdzHESPvXR$KvJSUMvK5aFZpql5dcHV5RZ8jaXEmhrJL+pvM/kyZVA=",
        "last_login": "2020-11-15T08:36:42Z",
        "is_superuser": false,
        "username": "2",
        "first_name": "",
        "last_name": "",
        "email": "",
        "is_staff": false,
        "is_active": true,
        "date_joined": "2020-11-15T08:36:42Z",
        "is_first": 1,
        "groups": [],
        "user_permissions": []
    }
},
{
    "model": "accounts.user",
    "fields": {
        "password": "pbkdf2_sha256$216000$NKnhIl7TjfkK$3OraTImBLEthLqOn/9gF7ZNN+Kc6tjiWHWD9Vx/zo6w=",
        "last_login": "2020-11-15T08:43:33Z",
        "is_superuser": false,
        "username": "1",
        "first_name": "",
        "last_name": "",
        "email": "",
        "is_staff": false,
        "is_active": true,
        "date_joined": "2020-11-15T08:43:33Z",
        "is_first": 1,
        "groups": [],
        "user_permissions": []
    }
},
{
    "model": "accounts.user",
    "fields": {
        "password": "123123",
        "last_login": null,
        "is_superuser": false,
        "username": "유용하",
        "first_name": "",
        "last_name": "",
        "email": "",
        "is_staff": false,
        "is_active": true,
        "date_joined": "2020-11-15T12:08:12Z",
        "is_first": 2,
        "groups": [],
        "user_permissions": []
    }
},
{
    "model": "accounts.user",
    "fields": {
        "password": "123123",
        "last_login": null,
        "is_superuser": false,
        "username": "김지운",
        "first_name": "",
        "last_name": "",
        "email": "",
        "is_staff": false,
        "is_active": true,
        "date_joined": "2020-11-15T12:26:44Z",
        "is_first": 2,
        "groups": [],
        "user_permissions": []
    }
},
{
    "model": "accounts.user",
    "fields": {
        "password": "123123",
        "last_login": null,
        "is_superuser": false,
        "username": "김진표",
        "first_name": "",
        "last_name": "",
        "email": "",
        "is_staff": false,
        "is_active": true,
        "date_joined": "2020-11-15T12:31:10Z",
        "is_first": 2,
        "groups": [],
        "user_permissions": []
    }
},
{
    "model": "accounts.user",
    "fields": {
        "password": "김코트",
        "last_login": null,
        "is_superuser": false,
        "username": "김코트",
        "first_name": "",
        "last_name": "",
        "email": "",
        "is_staff": false,
        "is_active": true,
        "date_joined": "2020-11-15T12:40:00Z",
        "is_first": 2,
        "groups": [],
        "user_permissions": []
    }
},
{
    "model": "accounts.user",
    "fields": {
        "password": "!KpJbsnaq4XSJp3qMHg1GqLJYwI0Kq8JSEetzZQuo",
        "last_login": "2020-11-15T14:25:28.767Z",
        "is_superuser": false,
        "username": "용균",
        "first_name": "",
        "last_name": "",
        "email": "lsdtve@gmail.com",
        "is_staff": false,
        "is_active": true,
        "date_joined": "2020-11-15T14:25:28.687Z",
        "is_first": 1,
        "groups": [],
        "user_permissions": []
    }
},
{
    "model": "accounts.userprofile",
    "pk": 1,
    "fields": {
        "profile_img": "api/profile/2c2f41fb-2719-11eb-93e8-982cbcaa728290f684fb6147e24f5c1c14579f89c222bd5b9cc2.jpg",
        "user": [
            "정하린"
        ]
    }
},
{
    "model": "accounts.userprofile",
    "pk": 2,
    "fields": {
        "profile_img": "api/profile/60c507e4-271a-11eb-9360-982cbcaa7282jP9iE98kf2SbnhpOQC7Z0YA6VkTFvkgj_1604995449_3977.jpg",
        "user": [
            "민수정"
        ]
    }
},
{
    "model": "accounts.userprofile",
    "pk": 3,
    "fields": {
        "profile_img": "api/profile/1ebc2b8a-271b-11eb-9ad0-982cbcaa7282dnX2nv46SZhWqUS6qbYJ1n7PZbmAPakZ_1597053220_5273.jpg",
        "user": [
            "4"
        ]
    }
},
{
    "model": "accounts.userprofile",
    "pk": 4,
    "fields": {
        "profile_img": "api/profile/4453dde0-271c-11eb-86de-982cbcaa7282jBAaD4M6ozrHUZ20WghnGBUBhMNNpng8_1600681365_8620.jpg",
        "user": [
            "3"
        ]
    }
},
{
    "model": "accounts.userprofile",
    "pk": 5,
    "fields": {
        "profile_img": "api/profile/da3a227e-271c-11eb-8df7-982cbcaa7282Lk9IiUEmmviW7eFS2wqIIgtsswsiVoml_1571758135_3977.jpg",
        "user": [
            "김혜미"
        ]
    }
},
{
    "model": "accounts.userprofile",
    "pk": 6,
    "fields": {
        "profile_img": "api/profile/e530aedf-271d-11eb-b599-982cbcaa7282lpQFeaVxbnS9XS6haoMZmsVa6d2mRE1y_1592980958_8311.jpg",
        "user": [
            "2"
        ]
    }
},
{
    "model": "accounts.userprofile",
    "pk": 7,
    "fields": {
        "profile_img": "api/profile/0a5b2e00-2720-11eb-ac74-982cbcaa7282MhB1snYoaqC3xHyRk3mCAYNnMZpsXulK_1600103503_6687.jpg",
        "user": [
            "1"
        ]
    }
},
{
    "model": "accounts.userprofile",
    "pk": 8,
    "fields": {
        "profile_img": "api/profile/ace203e9-274e-11eb-b321-982cbcaa7282VKdHynfyOhUmOGJ5r2KrNz4r20jJWEuu_1560157436_3354.jpg",
        "user": [
            "용균"
        ]
    }
},
{
    "model": "accounts.client",
    "pk": 1,
    "fields": {
        "user": [
            "유용하"
        ],
        "name": "유용하",
        "age": 26,
        "gender": "남",
        "tags": [
            2,
            7
        ]
    }
},
{
    "model": "accounts.client",
    "pk": 2,
    "fields": {
        "user": [
            "김지운"
        ],
        "name": "김지운",
        "age": 33,
        "gender": "남",
        "tags": [
            12
        ]
    }
},
{
    "model": "accounts.client",
    "pk": 3,
    "fields": {
        "user": [
            "김진표"
        ],
        "name": "김진표",
        "age": 45,
        "gender": "남",
        "tags": [
            12
        ]
    }
},
{
    "model": "accounts.client",
    "pk": 4,
    "fields": {
        "user": [
            "김코트"
        ],
        "name": "김코트",
        "age": 20,
        "gender": "여",
        "tags": [
            2
        ]
    }
},
{
    "model": "accounts.trainer",
    "pk": 1,
    "fields": {
        "user": [
            "정하린"
        ],
        "gym": null,
        "name": "정하린",
        "address": "광주 광산구",
        "content": "사람과, 몸을 먼저 생각하는 트레이너 정하린 입니다. 신뢰를 바탕으로~",
        "gender": "남",
        "age": 27,
        "tags": [
            2,
            4,
            6
        ]
    }
},
{
    "model": "accounts.trainer",
    "pk": 2,
    "fields": {
        "user": [
            "민수정"
        ],
        "gym": null,
        "name": "민수정",
        "address": "전남",
        "content": "건강한 몸만들기! 퍼스널 트레이너 & 필라테스 강사 민수정",
        "gender": "녀",
        "age": 26,
        "tags": [
            1,
            3,
            7
        ]
    }
},
{
    "model": "accounts.trainer",
    "pk": 3,
    "fields": {
        "user": [
            "4"
        ],
        "gym": null,
        "name": "강병국",
        "address": "장덕동",
        "content": "안녕하세요 근육 분석가 강병국 트레이너입니다.",
        "gender": "남",
        "age": 28,
        "tags": [
            7,
            8,
            9
        ]
    }
},
{
    "model": "accounts.trainer",
    "pk": 4,
    "fields": {
        "user": [
            "3"
        ],
        "gym": null,
        "name": "노현석",
        "address": "광산구",
        "content": "안녕하세요 헬스 트레이너 노현석입니다. 어떤분이 오셔도 만족하실수 있는 서비스를 제공하고 있습니다.",
        "gender": "남",
        "age": 27,
        "tags": [
            2,
            4,
            7
        ]
    }
},
{
    "model": "accounts.trainer",
    "pk": 5,
    "fields": {
        "user": [
            "김혜미"
        ],
        "gym": null,
        "name": "김혜미",
        "address": "사랑시 고백구 행복동",
        "content": "기본부터 차근차근, 그냥 빡세게 굴리는 PT는 NO.운동 효율은 UP",
        "gender": "녀",
        "age": 29,
        "tags": [
            2,
            4,
            12
        ]
    }
},
{
    "model": "accounts.trainer",
    "pk": 6,
    "fields": {
        "user": [
            "2"
        ],
        "gym": null,
        "name": "이창완",
        "address": "광산구",
        "content": "복잡하지 않게 건강하고 나이스한 당신의 운동을 서포트합니다",
        "gender": "남",
        "age": 31,
        "tags": [
            4,
            5
        ]
    }
},
{
    "model": "accounts.trainer",
    "pk": 7,
    "fields": {
        "user": [
            "1"
        ],
        "gym": null,
        "name": "강동훈",
        "address": "장덕동",
        "content": "차근차근 앞으로 나아갈 수 있게 도와드리겠습니다",
        "gender": "남",
        "age": 30,
        "tags": [
            2,
            10
        ]
    }
},
{
    "model": "accounts.trainer",
    "pk": 8,
    "fields": {
        "user": [
            "용균"
        ],
        "gym": null,
        "name": "배용균",
        "address": "미래안",
        "content": "안녕하세요 배용균 트레이너입니다 잘부탁드립니다.",
        "gender": "남",
        "age": 26,
        "tags": [
            1,
            7,
            8
        ]
    }
},
{
    "model": "accounts.trainerschedule",
    "pk": 1,
    "fields": {
        "trainer": 1,
        "day": "월요일",
        "start_hour": "09:00:00",
        "end_hour": "18:00:00"
    }
},
{
    "model": "accounts.trainerschedule",
    "pk": 2,
    "fields": {
        "trainer": 1,
        "day": "화요일",
        "start_hour": "09:00:00",
        "end_hour": "18:00:00"
    }
},
{
    "model": "accounts.trainerschedule",
    "pk": 3,
    "fields": {
        "trainer": 1,
        "day": "수요일",
        "start_hour": "00:00:00",
        "end_hour": "22:00:00"
    }
},
{
    "model": "accounts.trainerschedule",
    "pk": 4,
    "fields": {
        "trainer": 1,
        "day": "목요일",
        "start_hour": "00:00:00",
        "end_hour": "22:00:00"
    }
},
{
    "model": "accounts.trainerschedule",
    "pk": 5,
    "fields": {
        "trainer": 1,
        "day": "금요일",
        "start_hour": "00:00:00",
        "end_hour": "22:00:00"
    }
},
{
    "model": "accounts.trainerschedule",
    "pk": 6,
    "fields": {
        "trainer": 2,
        "day": "화요일",
        "start_hour": "08:00:00",
        "end_hour": "18:00:00"
    }
},
{
    "model": "accounts.trainerschedule",
    "pk": 7,
    "fields": {
        "trainer": 2,
        "day": "수요일",
        "start_hour": "08:00:00",
        "end_hour": "18:00:00"
    }
},
{
    "model": "accounts.trainerschedule",
    "pk": 8,
    "fields": {
        "trainer": 2,
        "day": "목요일",
        "start_hour": "08:00:00",
        "end_hour": "18:00:00"
    }
},
{
    "model": "accounts.trainerschedule",
    "pk": 9,
    "fields": {
        "trainer": 2,
        "day": "금요일",
        "start_hour": "08:00:00",
        "end_hour": "18:00:00"
    }
},
{
    "model": "accounts.trainerschedule",
    "pk": 10,
    "fields": {
        "trainer": 2,
        "day": "토요일",
        "start_hour": "08:00:00",
        "end_hour": "18:00:00"
    }
},
{
    "model": "accounts.trainerschedule",
    "pk": 11,
    "fields": {
        "trainer": 3,
        "day": "월요일",
        "start_hour": "08:00:00",
        "end_hour": "18:00:00"
    }
},
{
    "model": "accounts.trainerschedule",
    "pk": 12,
    "fields": {
        "trainer": 3,
        "day": "화요일",
        "start_hour": "08:00:00",
        "end_hour": "18:00:00"
    }
},
{
    "model": "accounts.trainerschedule",
    "pk": 13,
    "fields": {
        "trainer": 3,
        "day": "수요일",
        "start_hour": "08:00:00",
        "end_hour": "18:00:00"
    }
},
{
    "model": "accounts.trainerschedule",
    "pk": 14,
    "fields": {
        "trainer": 3,
        "day": "목요일",
        "start_hour": "08:00:00",
        "end_hour": "18:00:00"
    }
},
{
    "model": "accounts.trainerschedule",
    "pk": 15,
    "fields": {
        "trainer": 3,
        "day": "금요일",
        "start_hour": "08:00:00",
        "end_hour": "18:00:00"
    }
},
{
    "model": "accounts.trainerschedule",
    "pk": 16,
    "fields": {
        "trainer": 3,
        "day": "일요일",
        "start_hour": "08:00:00",
        "end_hour": "18:00:00"
    }
},
{
    "model": "accounts.trainerschedule",
    "pk": 17,
    "fields": {
        "trainer": 4,
        "day": "수요일",
        "start_hour": "08:00:00",
        "end_hour": "18:00:00"
    }
},
{
    "model": "accounts.trainerschedule",
    "pk": 18,
    "fields": {
        "trainer": 4,
        "day": "목요일",
        "start_hour": "08:00:00",
        "end_hour": "18:00:00"
    }
},
{
    "model": "accounts.trainerschedule",
    "pk": 19,
    "fields": {
        "trainer": 4,
        "day": "금요일",
        "start_hour": "08:00:00",
        "end_hour": "18:00:00"
    }
},
{
    "model": "accounts.trainerschedule",
    "pk": 20,
    "fields": {
        "trainer": 4,
        "day": "토요일",
        "start_hour": "08:00:00",
        "end_hour": "18:00:00"
    }
},
{
    "model": "accounts.trainerschedule",
    "pk": 21,
    "fields": {
        "trainer": 4,
        "day": "일요일",
        "start_hour": "08:00:00",
        "end_hour": "18:00:00"
    }
},
{
    "model": "accounts.trainerschedule",
    "pk": 22,
    "fields": {
        "trainer": 5,
        "day": "월요일",
        "start_hour": "08:00:00",
        "end_hour": "23:00:00"
    }
},
{
    "model": "accounts.trainerschedule",
    "pk": 23,
    "fields": {
        "trainer": 5,
        "day": "화요일",
        "start_hour": "08:00:00",
        "end_hour": "18:00:00"
    }
},
{
    "model": "accounts.trainerschedule",
    "pk": 24,
    "fields": {
        "trainer": 5,
        "day": "수요일",
        "start_hour": "08:00:00",
        "end_hour": "18:00:00"
    }
},
{
    "model": "accounts.trainerschedule",
    "pk": 25,
    "fields": {
        "trainer": 5,
        "day": "토요일",
        "start_hour": "08:00:00",
        "end_hour": "18:00:00"
    }
},
{
    "model": "accounts.trainerschedule",
    "pk": 26,
    "fields": {
        "trainer": 5,
        "day": "일요일",
        "start_hour": "08:00:00",
        "end_hour": "18:00:00"
    }
},
{
    "model": "accounts.trainerschedule",
    "pk": 27,
    "fields": {
        "trainer": 6,
        "day": "화요일",
        "start_hour": "08:00:00",
        "end_hour": "18:00:00"
    }
},
{
    "model": "accounts.trainerschedule",
    "pk": 28,
    "fields": {
        "trainer": 6,
        "day": "수요일",
        "start_hour": "08:00:00",
        "end_hour": "18:00:00"
    }
},
{
    "model": "accounts.trainerschedule",
    "pk": 29,
    "fields": {
        "trainer": 6,
        "day": "목요일",
        "start_hour": "08:00:00",
        "end_hour": "18:00:00"
    }
},
{
    "model": "accounts.trainerschedule",
    "pk": 30,
    "fields": {
        "trainer": 6,
        "day": "금요일",
        "start_hour": "08:00:00",
        "end_hour": "18:00:00"
    }
},
{
    "model": "accounts.trainerschedule",
    "pk": 31,
    "fields": {
        "trainer": 6,
        "day": "토요일",
        "start_hour": "08:00:00",
        "end_hour": "18:00:00"
    }
},
{
    "model": "accounts.trainerschedule",
    "pk": 32,
    "fields": {
        "trainer": 6,
        "day": "일요일",
        "start_hour": "08:00:00",
        "end_hour": "18:00:00"
    }
},
{
    "model": "accounts.trainerschedule",
    "pk": 33,
    "fields": {
        "trainer": 7,
        "day": "월요일",
        "start_hour": "08:00:00",
        "end_hour": "23:00:00"
    }
},
{
    "model": "accounts.trainerschedule",
    "pk": 34,
    "fields": {
        "trainer": 7,
        "day": "화요일",
        "start_hour": "08:00:00",
        "end_hour": "18:00:00"
    }
},
{
    "model": "accounts.trainerschedule",
    "pk": 35,
    "fields": {
        "trainer": 7,
        "day": "수요일",
        "start_hour": "08:00:00",
        "end_hour": "18:00:00"
    }
},
{
    "model": "accounts.trainerschedule",
    "pk": 36,
    "fields": {
        "trainer": 7,
        "day": "목요일",
        "start_hour": "08:00:00",
        "end_hour": "18:00:00"
    }
},
{
    "model": "accounts.trainerschedule",
    "pk": 37,
    "fields": {
        "trainer": 7,
        "day": "금요일",
        "start_hour": "08:00:00",
        "end_hour": "18:00:00"
    }
},
{
    "model": "accounts.trainerschedule",
    "pk": 38,
    "fields": {
        "trainer": 7,
        "day": "토요일",
        "start_hour": "08:00:00",
        "end_hour": "18:00:00"
    }
},
{
    "model": "accounts.trainerschedule",
    "pk": 39,
    "fields": {
        "trainer": 7,
        "day": "일요일",
        "start_hour": "08:00:00",
        "end_hour": "18:00:00"
    }
},
{
    "model": "accounts.trainerschedule",
    "pk": 40,
    "fields": {
        "trainer": 8,
        "day": "월요일",
        "start_hour": "08:00:00",
        "end_hour": "23:00:00"
    }
},
{
    "model": "accounts.trainerschedule",
    "pk": 41,
    "fields": {
        "trainer": 8,
        "day": "화요일",
        "start_hour": "08:00:00",
        "end_hour": "18:00:00"
    }
},
{
    "model": "accounts.trainerschedule",
    "pk": 42,
    "fields": {
        "trainer": 8,
        "day": "수요일",
        "start_hour": "08:00:00",
        "end_hour": "18:00:00"
    }
},
{
    "model": "accounts.trainerschedule",
    "pk": 43,
    "fields": {
        "trainer": 8,
        "day": "금요일",
        "start_hour": "08:00:00",
        "end_hour": "18:00:00"
    }
},
{
    "model": "accounts.trainerschedule",
    "pk": 44,
    "fields": {
        "trainer": 8,
        "day": "토요일",
        "start_hour": "08:00:00",
        "end_hour": "18:00:00"
    }
},
{
    "model": "accounts.trainerschedule",
    "pk": 45,
    "fields": {
        "trainer": 8,
        "day": "일요일",
        "start_hour": "08:00:00",
        "end_hour": "18:00:00"
    }
},
{
    "model": "api.program",
    "pk": 1,
    "fields": {
        "_type": "오프라인",
        "trainer": 1,
        "title": "삼대 측정",
        "content": "‘3대 500 챌린지’ 자신의 능력을 보여줄 절호의 기회 도전하세요!",
        "visit_count": 0,
        "thumb_img": "api/program/thumb/c8135b31-2719-11eb-9a7f-982cbcaa7282b16e45d62e291047a023a52ee765f059.jpg",
        "tags": [
            6,
            7,
            8
        ]
    }
},
{
    "model": "api.program",
    "pk": 2,
    "fields": {
        "_type": "오프라인",
        "trainer": 2,
        "title": "오늘의 유산소",
        "content": "체지방을 빼는 최고의 유산소 운동을 통한 다이어트 성공",
        "visit_count": 0,
        "thumb_img": "api/program/thumb/d07b5c9c-271a-11eb-be39-982cbcaa72827afdd5701c82cf327d141a6e92028f88.jpg",
        "tags": [
            1,
            2,
            7
        ]
    }
},
{
    "model": "api.program",
    "pk": 3,
    "fields": {
        "_type": "오프라인",
        "trainer": 3,
        "title": "기초체력 향상",
        "content": "초보자도 쉽게 따라할 수 있는 초보자들을 위한 기초 체력 향상프로그램",
        "visit_count": 0,
        "thumb_img": "api/program/thumb/a771e9b4-271b-11eb-911d-982cbcaa7282b8515630c35f4c90a4ac5f0af835624a.jpg",
        "tags": [
            3,
            7,
            8
        ]
    }
},
{
    "model": "api.program",
    "pk": 4,
    "fields": {
        "_type": "오프라인",
        "trainer": 4,
        "title": "태평양어깨각",
        "content": "무.조.건 태평양 어깨각 집에서 쉽게 따라할 수 있는 홈트레이닝 1탄!!",
        "visit_count": 0,
        "thumb_img": "api/program/thumb/80144f04-271c-11eb-b22f-982cbcaa7282c7f9599f53ef3c5dcce8857fe0050293.jpg",
        "tags": [
            2,
            7,
            8
        ]
    }
},
{
    "model": "api.program",
    "pk": 5,
    "fields": {
        "_type": "오프라인",
        "trainer": 5,
        "title": "다이어트",
        "content": "허벅지 안쪽살 빼는 최고의 운동 INNER THIGH WORKOUT",
        "visit_count": 0,
        "thumb_img": "api/program/thumb/7a1cd1dd-271d-11eb-9593-982cbcaa7282maxresdefault_1.jpg",
        "tags": [
            1,
            2,
            9
        ]
    }
},
{
    "model": "api.program",
    "pk": 6,
    "fields": {
        "_type": "오프라인",
        "trainer": 6,
        "title": "나의 헬스",
        "content": "근력 및 근비대 향상 수업은 근육량 증가에 도움이 되는 3대 운동 위주로 수업을 진행합니다.",
        "visit_count": 0,
        "thumb_img": "api/program/thumb/614f3793-271e-11eb-9133-982cbcaa7282title_헬스보디빌딩.png",
        "tags": [
            2,
            8
        ]
    }
},
{
    "model": "api.program",
    "pk": 7,
    "fields": {
        "_type": "온라인",
        "trainer": 7,
        "title": "줌바",
        "content": "휴먼 성장발달학 순서에 기반하여 수 년간의 연구로\n진행되는 줌바 프로그램입니다.",
        "visit_count": 0,
        "thumb_img": "api/program/thumb/85d0b19c-2720-11eb-aa00-982cbcaa7282unnamed.jpg",
        "tags": [
            1,
            10
        ]
    }
},
{
    "model": "api.program",
    "pk": 8,
    "fields": {
        "_type": "온라인",
        "trainer": 8,
        "title": "개인 맞춤 온라인PT",
        "content": "스케줄에서 자유로운 개인맞춤 온라인 PT & 코칭",
        "visit_count": 0,
        "thumb_img": "api/program/thumb/52871e69-274f-11eb-b5ec-982cbcaa7282ujWvI1556719916.jpg",
        "tags": [
            1,
            2,
            7
        ]
    }
},
{
    "model": "api.program",
    "pk": 9,
    "fields": {
        "_type": "오프라인",
        "trainer": 8,
        "title": "근육 만들기!",
        "content": "한달동안 근육을 만들어주는 극한 프로그램",
        "visit_count": 0,
        "thumb_img": "api/program/thumb/94dda632-2751-11eb-905e-982cbcaa7282481b27b0af9a774c6e063e8b78765a55.jpg",
        "tags": [
            6,
            8
        ]
    }
},
{
    "model": "api.programprice",
    "pk": 1,
    "fields": {
        "program": 1,
        "title": "PT 1회 이용권",
        "online_count": 0,
        "offline_count": 1,
        "price": 50000
    }
},
{
    "model": "api.programprice",
    "pk": 2,
    "fields": {
        "program": 1,
        "title": "PT 10회 등록권",
        "online_count": 0,
        "offline_count": 10,
        "price": 450000
    }
},
{
    "model": "api.programprice",
    "pk": 3,
    "fields": {
        "program": 1,
        "title": "PT 30회 등록권",
        "online_count": 0,
        "offline_count": 30,
        "price": 1000000
    }
},
{
    "model": "api.programprice",
    "pk": 4,
    "fields": {
        "program": 2,
        "title": "PT 3회 이용권",
        "online_count": 0,
        "offline_count": 3,
        "price": 100000
    }
},
{
    "model": "api.programprice",
    "pk": 5,
    "fields": {
        "program": 2,
        "title": "PT 10회 이용권",
        "online_count": 0,
        "offline_count": 10,
        "price": 250000
    }
},
{
    "model": "api.programprice",
    "pk": 6,
    "fields": {
        "program": 2,
        "title": "PT 20회 이용권",
        "online_count": 0,
        "offline_count": 20,
        "price": 450000
    }
},
{
    "model": "api.programprice",
    "pk": 7,
    "fields": {
        "program": 3,
        "title": "PT 1회 이용권",
        "online_count": 0,
        "offline_count": 1,
        "price": 30000
    }
},
{
    "model": "api.programprice",
    "pk": 8,
    "fields": {
        "program": 3,
        "title": "PT 10회 이용권",
        "online_count": 0,
        "offline_count": 10,
        "price": 100000
    }
},
{
    "model": "api.programprice",
    "pk": 9,
    "fields": {
        "program": 3,
        "title": "PT 30회 이용권",
        "online_count": 0,
        "offline_count": 30,
        "price": 300000
    }
},
{
    "model": "api.programprice",
    "pk": 10,
    "fields": {
        "program": 4,
        "title": "20회권",
        "online_count": 30,
        "offline_count": 0,
        "price": 300000
    }
},
{
    "model": "api.programprice",
    "pk": 11,
    "fields": {
        "program": 5,
        "title": "PT 30회 이용권",
        "online_count": 30,
        "offline_count": 0,
        "price": 400000
    }
},
{
    "model": "api.programprice",
    "pk": 12,
    "fields": {
        "program": 6,
        "title": "PT 30회 이용권",
        "online_count": 30,
        "offline_count": 0,
        "price": 800000
    }
},
{
    "model": "api.programprice",
    "pk": 13,
    "fields": {
        "program": 7,
        "title": "PT 3회 이용권",
        "online_count": 3,
        "offline_count": 0,
        "price": 80000
    }
},
{
    "model": "api.programprice",
    "pk": 14,
    "fields": {
        "program": 7,
        "title": "PT 30회 이용권",
        "online_count": 30,
        "offline_count": 0,
        "price": 550000
    }
},
{
    "model": "api.programprice",
    "pk": 15,
    "fields": {
        "program": 8,
        "title": "PT 1회 이용권",
        "online_count": 1,
        "offline_count": 0,
        "price": 60000
    }
},
{
    "model": "api.programprice",
    "pk": 16,
    "fields": {
        "program": 8,
        "title": "PT 20회 이용권",
        "online_count": 20,
        "offline_count": 0,
        "price": 500000
    }
},
{
    "model": "api.programprice",
    "pk": 17,
    "fields": {
        "program": 9,
        "title": "PT 10회 이용권",
        "online_count": 10,
        "offline_count": 0,
        "price": 400000
    }
},
{
    "model": "api.programprice",
    "pk": 18,
    "fields": {
        "program": 9,
        "title": "PT 30회 이용권",
        "online_count": 30,
        "offline_count": 0,
        "price": 1000000
    }
},
{
    "model": "api.trainercomment",
    "pk": 1,
    "fields": {
        "trainer": 1,
        "client": 1,
        "rate": 5,
        "content": "여타 말하는 농담 따먹기만 하거나, 옆에서 숫자만 세는 트레이너가 아닌 진짜 내몸이 좋아지는걸 느낄수 있게 지도해주는 정직한 트레이너다."
    }
},
{
    "model": "api.trainercomment",
    "pk": 2,
    "fields": {
        "trainer": 6,
        "client": 1,
        "rate": 5,
        "content": "원칙대로 차근차근 제몸을 만들어주시는 모습에 신뢰가 커져서 이번에 재등록도 하게되었습니다. 지인에게 추천하고싶은 트레이너십니다^^"
    }
},
{
    "model": "api.trainercomment",
    "pk": 3,
    "fields": {
        "trainer": 2,
        "client": 2,
        "rate": 5,
        "content": "몸 상태를 점검해주시고 저에게 맞는 자세를 잘 알려주셧습니다."
    }
},
{
    "model": "api.trainercomment",
    "pk": 4,
    "fields": {
        "trainer": 3,
        "client": 2,
        "rate": 5,
        "content": "앞으로도 병국쌤 코칭따라 더 열심히해서 더욱더 이쁜 몸매 만들고싶습니다~~!! 항상 감사합니다 쌤 ㅎㅎ"
    }
},
{
    "model": "api.trainercomment",
    "pk": 5,
    "fields": {
        "trainer": 4,
        "client": 2,
        "rate": 5,
        "content": "웬만하면 이런 후기 잘 안쓰는데 진짜 크게 도움을 받았기에 이렇게 글을 남깁니다!  친절하게 잘 알려주셔서 감사합니다~"
    }
},
{
    "model": "api.trainercomment",
    "pk": 6,
    "fields": {
        "trainer": 6,
        "client": 2,
        "rate": 5,
        "content": "워낙 후기가 좋으시고 성심성의껏 봐주시는 것 같아서 믿고 가긴했는데 직접 봐주시는 것 보고 바로 등록하게 되었습니다."
    }
},
{
    "model": "api.trainercomment",
    "pk": 7,
    "fields": {
        "trainer": 6,
        "client": 3,
        "rate": 4,
        "content": "저한테 족쇄찬 코끼리 같다고 하셨는데(ㅋㅋ) 해보지 않은 운동에 대한 두려움이라는 족쇄를 벗고 즐겁게 운동할 수 있을 것 같습니다! 저를 다시 돌아볼 있는 시간을 갖게 해주셔서 감사드립니다."
    }
},
{
    "model": "api.trainercomment",
    "pk": 8,
    "fields": {
        "trainer": 1,
        "client": 3,
        "rate": 5,
        "content": "운동을 제대로 해보실 분들 또는 막연히라도 시작해볼까 하시는 분들이라면 꼭 방문해서 체험해 보시길 강력 추천드립니다."
    }
},
{
    "model": "api.trainercomment",
    "pk": 9,
    "fields": {
        "trainer": 5,
        "client": 3,
        "rate": 5,
        "content": "본인 몸 상태에 대한 이해를 통한 운동 지도가 필요하신 분 등 어떠한 운동 목적을 가지고 방문하셔도 시간이 아깝지 않으시리라 생각됩니다 방문하시면 후회하지 않으시리라 확신합니다~"
    }
},
{
    "model": "api.trainercomment",
    "pk": 10,
    "fields": {
        "trainer": 5,
        "client": 4,
        "rate": 5,
        "content": "수업이 어떻게 진행될건지에 대해서 설명해주시고 제 질문들도 성심성의껏 답해주셔서 체험 받는 내내 굉장히 기분 좋았어요"
    }
},
{
    "model": "api.trainercomment",
    "pk": 11,
    "fields": {
        "trainer": 2,
        "client": 4,
        "rate": 4,
        "content": "체계적이고 커스터마이징된 수업이라 개개인에 맞춘 수업진행 방식도 좋았습니다"
    }
},
{
    "model": "api.trainercomment",
    "pk": 12,
    "fields": {
        "trainer": 1,
        "client": 4,
        "rate": 4,
        "content": "2시간 가량 코치님이 현재 몸 상태가 어떤지, 추구하는 목표에 따른 운동 방향 등을 아주 상세히 풀어주십니다. 제가 막연하게 느껴왔던 부분들, 그리고 잘 알지 못했던 제 몸상태에 대해 파악할 수 있었던 좋은 시간이었습니다."
    }
},
{
    "model": "api.trainercomment",
    "pk": 13,
    "fields": {
        "trainer": 8,
        "client": 1,
        "rate": 5,
        "content": "인바디 로그를 올릴수있으면 좋을텐데, 단순 수치상으로만 위와 같은 정말 눈에띄는 변화를 선생님과 함께 이뤄냈습니다."
    }
},
{
    "model": "api.trainercomment",
    "pk": 14,
    "fields": {
        "trainer": 8,
        "client": 2,
        "rate": 4,
        "content": "생전 처음 헬스 시작해서 로건쌤에게 피티를 받았고, 덕분에 목표치까지 순항중입니다. 운동 목적에 맞게 식단/자세/운동 프로그램 등 모든걸 맞춤식으로 짜주시기 때문에 운동 처음 시작하시는 분들도 잘 따라만 오시면 좋은 결과를 보장해주시는 쌤입니다."
    }
},
{
    "model": "api.trainercomment",
    "pk": 15,
    "fields": {
        "trainer": 8,
        "client": 4,
        "rate": 5,
        "content": "6개월이상 선생님과 운동중인데  원칙대로 차근차근 제몸을 만들어주시는 모습에 신뢰가 커져서 이번에 재등록도 하게되었습니다. 지인에게 추천하고싶은 트레이너십니다^^"
    }
},
{
    "model": "api.programpayment",
    "pk": 1,
    "fields": {
        "client": 1,
        "program": 8,
        "price": 16,
        "created_at": "2020-11-15T14:33:00.684Z"
    }
},
{
    "model": "api.programpayment",
    "pk": 2,
    "fields": {
        "client": 2,
        "program": 8,
        "price": 16,
        "created_at": "2020-11-15T14:33:50.245Z"
    }
},
{
    "model": "api.programpayment",
    "pk": 3,
    "fields": {
        "client": 3,
        "program": 9,
        "price": 17,
        "created_at": "2020-11-15T14:49:43.359Z"
    }
},
{
    "model": "api.programpayment",
    "pk": 4,
    "fields": {
        "client": 4,
        "program": 9,
        "price": 18,
        "created_at": "2020-11-15T14:51:29.042Z"
    }
},
{
    "model": "api.programreservationday",
    "pk": 1,
    "fields": {
        "program": 9,
        "day": "2020-11-16"
    }
},
{
    "model": "api.programreservationday",
    "pk": 2,
    "fields": {
        "program": 9,
        "day": "2020-11-18"
    }
},
{
    "model": "api.programreservationday",
    "pk": 3,
    "fields": {
        "program": 9,
        "day": "2020-11-09"
    }
},
{
    "model": "api.programreservationday",
    "pk": 4,
    "fields": {
        "program": 9,
        "day": "2020-11-11"
    }
},
{
    "model": "api.programreservationday",
    "pk": 5,
    "fields": {
        "program": 9,
        "day": "2020-11-13"
    }
},
{
    "model": "api.programreservationday",
    "pk": 6,
    "fields": {
        "program": 9,
        "day": "2020-11-23"
    }
},
{
    "model": "api.programreservationday",
    "pk": 7,
    "fields": {
        "program": 9,
        "day": "2020-11-24"
    }
},
{
    "model": "api.programreservationday",
    "pk": 8,
    "fields": {
        "program": 9,
        "day": "2020-11-26"
    }
},
{
    "model": "api.programreservationday",
    "pk": 9,
    "fields": {
        "program": 9,
        "day": "2020-11-28"
    }
},
{
    "model": "api.programreservationtime",
    "pk": 1,
    "fields": {
        "ProgramDay": 1,
        "client": 3,
        "start_hour": "10:00:00",
        "end_hour": "11:00:00",
        "created_at": "2020-11-15T14:49:27.279Z",
        "updated_at": "2020-11-15T14:52:47.400Z"
    }
},
{
    "model": "api.programreservationtime",
    "pk": 2,
    "fields": {
        "ProgramDay": 1,
        "client": 4,
        "start_hour": "15:00:00",
        "end_hour": "16:00:00",
        "created_at": "2020-11-15T14:52:43.350Z",
        "updated_at": "2020-11-15T14:52:43.350Z"
    }
},
{
    "model": "api.programreservationtime",
    "pk": 3,
    "fields": {
        "ProgramDay": 2,
        "client": 4,
        "start_hour": "17:00:00",
        "end_hour": "18:00:00",
        "created_at": "2020-11-15T14:53:04.048Z",
        "updated_at": "2020-11-15T14:53:04.048Z"
    }
},
{
    "model": "api.programreservationtime",
    "pk": 4,
    "fields": {
        "ProgramDay": 3,
        "client": 3,
        "start_hour": "13:00:00",
        "end_hour": "14:00:00",
        "created_at": "2020-11-15T15:45:16.963Z",
        "updated_at": "2020-11-15T15:45:16.963Z"
    }
},
{
    "model": "api.programreservationtime",
    "pk": 5,
    "fields": {
        "ProgramDay": 4,
        "client": 3,
        "start_hour": "17:00:00",
        "end_hour": "18:00:00",
        "created_at": "2020-11-15T15:46:37.895Z",
        "updated_at": "2020-11-15T15:46:37.895Z"
    }
},
{
    "model": "api.programreservationtime",
    "pk": 6,
    "fields": {
        "ProgramDay": 5,
        "client": 4,
        "start_hour": "15:00:00",
        "end_hour": "16:00:00",
        "created_at": "2020-11-15T15:46:49.793Z",
        "updated_at": "2020-11-15T15:46:49.793Z"
    }
},
{
    "model": "api.programreservationtime",
    "pk": 7,
    "fields": {
        "ProgramDay": 6,
        "client": 4,
        "start_hour": "13:00:00",
        "end_hour": "14:00:00",
        "created_at": "2020-11-15T15:47:10.455Z",
        "updated_at": "2020-11-15T15:47:10.455Z"
    }
},
{
    "model": "api.programreservationtime",
    "pk": 8,
    "fields": {
        "ProgramDay": 7,
        "client": 4,
        "start_hour": "10:00:00",
        "end_hour": "11:00:00",
        "created_at": "2020-11-15T15:47:33.880Z",
        "updated_at": "2020-11-15T15:47:33.880Z"
    }
},
{
    "model": "api.programreservationtime",
    "pk": 9,
    "fields": {
        "ProgramDay": 8,
        "client": 4,
        "start_hour": "17:00:00",
        "end_hour": "18:00:00",
        "created_at": "2020-11-15T15:47:46.829Z",
        "updated_at": "2020-11-15T15:47:46.829Z"
    }
},
{
    "model": "api.programreservationtime",
    "pk": 10,
    "fields": {
        "ProgramDay": 9,
        "client": 4,
        "start_hour": "11:00:00",
        "end_hour": "12:00:00",
        "created_at": "2020-11-15T15:48:05.885Z",
        "updated_at": "2020-11-15T15:48:05.885Z"
    }
},
{
    "model": "api.programschedule",
    "pk": 1,
    "fields": {
        "program": 7,
        "day": "월요일",
        "start_hour": "19:00:00",
        "end_hour": "20:00:00"
    }
},
{
    "model": "api.programschedule",
    "pk": 2,
    "fields": {
        "program": 7,
        "day": "목요일",
        "start_hour": "19:00:00",
        "end_hour": "21:00:00"
    }
},
{
    "model": "api.programschedule",
    "pk": 3,
    "fields": {
        "program": 8,
        "day": "화요일",
        "start_hour": "19:00:00",
        "end_hour": "21:00:00"
    }
},
{
    "model": "api.programschedule",
    "pk": 4,
    "fields": {
        "program": 9,
        "day": "목요일",
        "start_hour": "19:00:00",
        "end_hour": "21:00:00"
    }
},
{
    "model": "api.programrecord",
    "pk": 1,
    "fields": {
        "program": 8,
        "programprice": 16,
        "client": 1,
        "is_active": false,
        "max_online_count": 20,
        "max_offline_count": 0,
        "now_online_count": 0,
        "now_offline_count": 0,
        "created_at": "2020-11-15T14:33:32.256Z"
    }
},
{
    "model": "api.programrecord",
    "pk": 2,
    "fields": {
        "program": 8,
        "programprice": 16,
        "client": 2,
        "is_active": false,
        "max_online_count": 20,
        "max_offline_count": 0,
        "now_online_count": 0,
        "now_offline_count": 0,
        "created_at": "2020-11-15T14:34:04.874Z"
    }
},
{
    "model": "api.programrecord",
    "pk": 3,
    "fields": {
        "program": 9,
        "programprice": 17,
        "client": 3,
        "is_active": false,
        "max_online_count": 0,
        "max_offline_count": 10,
        "now_online_count": 0,
        "now_offline_count": 1,
        "created_at": "2020-11-15T14:50:08.968Z"
    }
},
{
    "model": "api.programrecord",
    "pk": 4,
    "fields": {
        "program": 9,
        "programprice": 18,
        "client": 4,
        "is_active": false,
        "max_online_count": 0,
        "max_offline_count": 20,
        "now_online_count": 0,
        "now_offline_count": 2,
        "created_at": "2020-11-15T14:51:52.287Z"
    }
},
{
    "model": "api.programrecorddetail",
    "pk": 1,
    "fields": {
        "programRecord": 3,
        "_type": "오프라인",
        "content": "오늘으 이두,삼두 운동을 했다.",
        "created_at": "2020-11-15T14:51:04.846Z"
    }
},
{
    "model": "api.programrecorddetail",
    "pk": 2,
    "fields": {
        "programRecord": 4,
        "_type": "오프라인",
        "content": "하체운동을 하였슴",
        "created_at": "2020-11-15T14:53:40.651Z"
    }
},
{
    "model": "api.programrecorddetail",
    "pk": 3,
    "fields": {
        "programRecord": 4,
        "_type": "오프라인",
        "content": "다리 부라질뻔 하였슴",
        "created_at": "2020-11-15T14:54:08.674Z"
    }
},
{
    "model": "socialaccount.socialaccount",
    "pk": 1,
    "fields": {
        "user": [
            "용균"
        ],
        "provider": "kakao",
        "uid": "1507304585",
        "last_login": "2020-11-15T14:25:28.708Z",
        "date_joined": "2020-11-15T14:25:28.708Z",
        "extra_data": "{\"id\": 1507304585, \"connected_at\": \"2020-10-19T04:23:54Z\", \"properties\": {\"nickname\": \"\\uc6a9\\uade0\"}, \"kakao_account\": {\"profile_needs_agreement\": false, \"profile\": {\"nickname\": \"\\u3147\\u3131\"}, \"has_email\": true, \"email_needs_agreement\": false, \"is_email_valid\": true, \"is_email_verified\": true, \"email\": \"lsdtve@gmail.com\"}}"
    }
},
{
    "model": "account.emailaddress",
    "pk": 1,
    "fields": {
        "user": [
            "용균"
        ],
        "email": "lsdtve@gmail.com",
        "verified": true,
        "primary": true
    }
}
]
